,Itâ€™s a disadvantage to be a man at your work right now due to: Greater risk of being accused of sexual harassment,Responded to a sexual harassment incident by: Confronted the accused person,Responded to a sexual harassment incident by: :Contacted the HR department,Responded to a sexual harassment incident by: Contacted the manager of the accused person,Responded to a sexual harassment incident by: Reached out to the victim to offer support,Responded to a sexual harassment incident by: Did not respond at all,Responded to a sexual harassment incident by: Never witnessed sexual harassment,Responded to a sexual harassment incident by: Other,"As a man, would you say you think about your behavior at work differently in the wake of #MeToo?",What was the last school you completed?,What is your yearly income?,How old are you?
741,No,No,No,No,No,No,Yes,No,Yes,High school or G.E.D.,"$10,000-$24,999",18 - 34
665,No,No,No,No,No,No,No,Yes,No,College graduate,"$150,000-$174,999",18 - 34
76,No,No,No,No,No,No,Yes,No,No,Post graduate degree,"$175,000-$199,999",18 - 34
75,No,No,No,No,No,No,Yes,No,No,College graduate,"$10,000-$24,999",18 - 34
162,Yes,No,No,No,No,No,Yes,No,Yes,Some college,"$150,000-$174,999",18 - 34
427,Yes,No,Yes,No,Yes,No,No,No,Yes,Some college,"$0-$9,999",18 - 34
426,Yes,Yes,Yes,Yes,Yes,No,No,No,Yes,College graduate,"$10,000-$24,999",18 - 34
672,No,No,No,No,No,No,Yes,No,No,College graduate,Prefer not to answer,18 - 34
163,Yes,No,No,No,No,No,Yes,No,No,High school or G.E.D.,"$0-$9,999",18 - 34
68,No,No,No,No,No,No,Yes,No,No,Associate's degree,"$50,000-$74,999",18 - 34
583,No,No,No,No,No,No,Yes,No,Yes,College graduate,"$25,000-$49,999",18 - 34
677,No,No,No,No,No,Yes,No,No,Yes,College graduate,"$150,000-$174,999",18 - 34
167,Yes,No,No,No,No,No,Yes,No,No,Associate's degree,"$10,000-$24,999",18 - 34
169,Yes,No,No,No,No,No,No,Yes,No,Post graduate degree,"$100,000-$124,999",18 - 34
685,No,No,No,No,Yes,No,No,No,Yes,College graduate,"$10,000-$24,999",18 - 34
173,No,No,No,No,No,No,Yes,No,No,Post graduate degree,"$10,000-$24,999",18 - 34
687,Yes,No,Yes,Yes,No,No,No,No,Yes,College graduate,"$25,000-$49,999",18 - 34
577,No,No,No,No,No,No,Yes,No,No,Post graduate degree,"$75,000-$99,999",18 - 34
52,No,No,No,No,No,No,Yes,No,No,High school or G.E.D.,"$25,000-$49,999",18 - 34
50,Yes,No,No,Yes,Yes,No,No,No,Yes,Associate's degree,"$100,000-$124,999",18 - 34
589,No,No,No,No,No,No,Yes,No,No,College graduate,Prefer not to answer,18 - 34
178,Yes,No,Yes,No,No,No,No,No,No,College graduate,Prefer not to answer,18 - 34
657,No,No,No,No,No,No,Yes,No,No,Post graduate degree,"$25,000-$49,999",18 - 34
655,Yes,No,No,No,No,No,Yes,No,No,College graduate,"$100,000-$124,999",18 - 34
484,Yes,No,No,No,No,No,Yes,No,No,College graduate,"$75,000-$99,999",18 - 34
631,No,No,No,No,No,No,Yes,No,No,College graduate,"$50,000-$74,999",18 - 34
135,Yes,Yes,Yes,Yes,Yes,No,No,No,No,College graduate,"$50,000-$74,999",18 - 34
634,No,No,No,No,No,No,Yes,No,No,Post graduate degree,"$50,000-$74,999",18 - 34
490,No,No,No,No,No,No,Yes,No,No,College graduate,"$50,000-$74,999",18 - 34
637,No,No,No,No,No,No,Yes,No,Yes,College graduate,"$150,000-$174,999",18 - 34
111,Yes,No,No,No,No,No,Yes,No,Yes,College graduate,"$50,000-$74,999",18 - 34
110,No,No,No,No,No,No,Yes,No,No,College graduate,"$25,000-$49,999",18 - 34
109,No,No,No,No,No,No,Yes,No,No,College graduate,"$25,000-$49,999",18 - 34
260,No,No,No,No,No,No,Yes,No,No,Post graduate degree,"$25,000-$49,999",18 - 34
645,No,No,No,No,Yes,No,No,No,Yes,College graduate,Prefer not to answer,18 - 34
599,No,No,Yes,No,No,No,No,No,No,College graduate,"$25,000-$49,999",18 - 34
98,No,No,No,No,No,No,Yes,No,No,Some college,"$50,000-$74,999",18 - 34
598,No,No,No,No,No,No,Yes,No,No,Post graduate degree,"$50,000-$74,999",18 - 34
294,Yes,No,No,No,No,No,Yes,No,No,College graduate,"$100,000-$124,999",18 - 34
651,No,No,No,No,No,No,Yes,No,Yes,Some college,"$10,000-$24,999",18 - 34
596,Yes,No,No,No,No,No,Yes,No,Yes,College graduate,"$50,000-$74,999",18 - 34
654,Yes,No,No,No,No,Yes,No,No,Yes,College graduate,"$0-$9,999",18 - 34
91,No,No,No,No,No,No,Yes,No,No answer,Some college,"$25,000-$49,999",18 - 34
595,Yes,No,No,No,No,No,Yes,No,No,Some college,Prefer not to answer,18 - 34
179,No,No,No,Yes,No,No,No,No,Yes,High school or G.E.D.,"$100,000-$124,999",18 - 34
417,Yes,No,No,No,No,No,Yes,No,No,College graduate,"$25,000-$49,999",18 - 34
127,No,No,No,No,No,No,Yes,No,Yes,Post graduate degree,"$50,000-$74,999",18 - 34
20,Yes,No,Yes,Yes,Yes,No,No,No,Yes,Post graduate degree,"$50,000-$74,999",18 - 34
21,No,No,No,Yes,No,No,No,No,Yes,Post graduate degree,"$50,000-$74,999",18 - 34
381,No,No,No,No,No,No,Yes,No,No,Post graduate degree,"$10,000-$24,999",18 - 34
45,Yes,Yes,No,No,No,Yes,No,No,No answer,College graduate,"$0-$9,999",18 - 34
554,Yes,No,No,No,No,No,Yes,No,Yes,College graduate,"$25,000-$49,999",18 - 34
727,Yes,No,No,No,No,No,Yes,No,No,High school or G.E.D.,"$50,000-$74,999",18 - 34
383,No,No,No,No,No,No,Yes,No,No,College graduate,"$75,000-$99,999",18 - 34
728,No,No,No,No,No,No,Yes,No,No,College graduate,"$50,000-$74,999",18 - 34
714,No,No,No,No,No,No,Yes,No,No,High school or G.E.D.,"$10,000-$24,999",18 - 34
713,No,No,No,No,No,No,Yes,No,Yes,Post graduate degree,Prefer not to answer,18 - 34
712,No,No,No,No,No,No,Yes,No,No,College graduate,"$25,000-$49,999",18 - 34
558,Yes,No,No,No,No,No,Yes,No,Yes,Some college,"$25,000-$49,999",18 - 34
550,Yes,Yes,No,Yes,Yes,No,No,No,Yes,Post graduate degree,"$100,000-$124,999",18 - 34
707,Yes,No,No,No,No,No,Yes,No,No,Post graduate degree,"$50,000-$74,999",18 - 34
733,No,No,No,No,No,No,Yes,No,No,College graduate,"$50,000-$74,999",18 - 34
721,Yes,No,No,No,No,No,Yes,No,Yes,Some college,"$10,000-$24,999",18 - 34
570,Yes,No,No,No,No,No,Yes,No,No,College graduate,Prefer not to answer,18 - 34
44,Yes,No,No,No,No,No,Yes,No,No,College graduate,"$175,000-$199,999",18 - 34
697,No,No,No,No,No,Yes,No,No,Yes,High school or G.E.D.,"$25,000-$49,999",18 - 34
547,Yes,No,No,No,No,No,Yes,No,Yes,Post graduate degree,"$50,000-$74,999",18 - 34
738,No,No,No,No,No,No,Yes,No,Yes,Some college,"$10,000-$24,999",18 - 34
359,No,No,No,No,No,Yes,No,No,No,College graduate,"$25,000-$49,999",18 - 34
705,No,No,No,No,No,No,Yes,No,No,College graduate,"$25,000-$49,999",18 - 34
480,Yes,No,No,No,No,Yes,No,Yes,No,College graduate,"$50,000-$74,999",35 - 64
481,No,No,No,No,No,No,Yes,No,No,College graduate,Prefer not to answer,35 - 64
500,Yes,No,No,No,No,Yes,No,No,No answer,College graduate,"$50,000-$74,999",35 - 64
534,No,No,No,No,No,No,Yes,No,No,College graduate,"$200,000+",35 - 64
535,Yes,No,No,No,No,No,Yes,No,No,High school or G.E.D.,"$25,000-$49,999",35 - 64
482,No,No,No,No,No,No,No,Yes,No,Some college,"$75,000-$99,999",35 - 64
536,No,No,No,No,No,No,Yes,No,Yes,Associate's degree,"$25,000-$49,999",35 - 64
483,No,No,No,No,Yes,No,No,No,No,High school or G.E.D.,Prefer not to answer,35 - 64
499,No,No,No,No,No,No,Yes,No,No,High school or G.E.D.,Prefer not to answer,35 - 64
492,Yes,No,No,No,No,No,Yes,No,No,Post graduate degree,"$200,000+",35 - 64
497,No,No,No,No,No,No,No,Yes,No,College graduate,"$200,000+",35 - 64
496,Yes,No,No,No,Yes,No,No,No,No,Some college,"$50,000-$74,999",35 - 64
489,Yes,Yes,No,No,No,No,No,No,No,College graduate,Prefer not to answer,35 - 64
541,Yes,No,No,No,No,No,Yes,No,No,College graduate,"$200,000+",35 - 64
495,No,No,No,No,No,No,Yes,No,Yes,Post graduate degree,"$150,000-$174,999",35 - 64
494,Yes,No,No,No,No,No,Yes,No,No,Associate's degree,"$50,000-$74,999",35 - 64
493,Yes,No,No,No,No,No,Yes,No,No,Some college,"$150,000-$174,999",35 - 64
538,Yes,No,No,No,No,Yes,No,No,No,Associate's degree,"$75,000-$99,999",35 - 64
540,No,No,No,No,No,No,Yes,No,No,College graduate,"$75,000-$99,999",35 - 64
491,No,No,No,No,No,No,Yes,No,No,Post graduate degree,"$100,000-$124,999",35 - 64
539,Yes,No,No,No,No,No,Yes,No,No,College graduate,"$100,000-$124,999",35 - 64
498,No,No,No,No,No,Yes,No,No,Yes,Some college,"$50,000-$74,999",35 - 64
537,No,No,No,No,No,No,Yes,No,Yes,Associate's degree,"$25,000-$49,999",35 - 64
519,Yes,No,No,No,No,No,Yes,No,Yes,Some college,"$25,000-$49,999",35 - 64
501,No,No,No,No,No,No,Yes,No,Yes,Post graduate degree,"$175,000-$199,999",35 - 64
520,No,No,No,No,No,No,Yes,No,No,College graduate,"$75,000-$99,999",35 - 64
518,No,No,Yes,No,No,No,No,No,Yes,College graduate,"$10,000-$24,999",35 - 64
517,No,No,No,No,No,No,No,No,No,Some college,"$25,000-$49,999",35 - 64
521,Yes,No,No,No,No,No,Yes,No,No,Some college,"$0-$9,999",35 - 64
516,No,No,No,No,No,No,Yes,No,No,Some college,"$100,000-$124,999",35 - 64
522,Yes,No,No,No,No,No,Yes,No,No,Post graduate degree,"$75,000-$99,999",35 - 64
523,Yes,No,No,No,No,No,Yes,No,No,Some college,"$75,000-$99,999",35 - 64
524,No,No,No,No,No,No,Yes,No,No answer,Some college,Prefer not to answer,35 - 64
515,Yes,No,No,No,No,No,Yes,No,No,College graduate,"$75,000-$99,999",35 - 64
514,No,No,Yes,No,No,No,No,No,No,College graduate,"$125,000-$149,999",35 - 64
513,No,No,No,No,No,No,Yes,No,Yes,High school or G.E.D.,"$50,000-$74,999",35 - 64
512,Yes,No,No,No,Yes,No,No,No,Yes,Post graduate degree,"$75,000-$99,999",35 - 64
478,No,No,No,No,No,No,Yes,No,No,Associate's degree,"$25,000-$49,999",35 - 64
525,No,No,No,Yes,No,No,No,No,Yes,College graduate,"$75,000-$99,999",35 - 64
533,Yes,No,No,No,No,No,Yes,No,Yes,College graduate,"$100,000-$124,999",35 - 64
511,No,No,No,Yes,Yes,No,No,No,No,Post graduate degree,"$25,000-$49,999",35 - 64
527,No,No,No,No,Yes,No,No,No,No,Some college,"$125,000-$149,999",35 - 64
510,No,No,No,No,No,No,Yes,No,No,College graduate,"$100,000-$124,999",35 - 64
528,Yes,No,No,No,No,No,Yes,No,Yes,College graduate,"$75,000-$99,999",35 - 64
529,Yes,No,No,No,No,No,Yes,No,Yes,College graduate,"$125,000-$149,999",35 - 64
530,Yes,No,No,No,No,No,Yes,No,Yes,College graduate,"$25,000-$49,999",35 - 64
531,Yes,No,No,No,No,No,Yes,No,No,College graduate,"$10,000-$24,999",35 - 64
509,No,No,No,No,No,No,Yes,No,No,Post graduate degree,"$75,000-$99,999",35 - 64
508,Yes,No,No,No,No,No,Yes,No,No,Associate's degree,"$25,000-$49,999",35 - 64
507,No,No,Yes,No,No,No,No,No,No,Post graduate degree,"$200,000+",35 - 64
506,Yes,Yes,No,No,Yes,No,No,No,No,Post graduate degree,"$75,000-$99,999",35 - 64
532,No,No,No,No,No,No,Yes,No,No,Associate's degree,"$75,000-$99,999",35 - 64
505,No,No,No,No,No,No,Yes,No,No,Some college,"$100,000-$124,999",35 - 64
504,No,No,No,No,No,No,Yes,No,Yes,High school or G.E.D.,"$25,000-$49,999",35 - 64
503,Yes,No,No,No,No,No,Yes,No,No,College graduate,Prefer not to answer,35 - 64
526,No,No,No,No,No,No,Yes,No,Yes,College graduate,"$200,000+",35 - 64
502,No,No,No,No,No,No,Yes,No,No,College graduate,"$200,000+",35 - 64
456,No,No,No,No,No,No,Yes,No,No,Post graduate degree,"$200,000+",35 - 64
475,Yes,No,Yes,No,No,No,No,No,No,College graduate,"$100,000-$124,999",35 - 64
395,No,No,No,No,No,No,Yes,No,Yes,College graduate,"$200,000+",35 - 64
396,Yes,No,No,No,No,No,Yes,No,No,Some college,"$75,000-$99,999",35 - 64
398,No,No,No,No,No,No,Yes,No,No,College graduate,"$50,000-$74,999",35 - 64
399,No,No,No,No,No,No,Yes,No,No,Post graduate degree,"$100,000-$124,999",35 - 64
400,No,No,No,No,No,No,Yes,No,No,High school or G.E.D.,"$25,000-$49,999",35 - 64
401,Yes,No,No,No,No,No,Yes,No,Yes,College graduate,"$100,000-$124,999",35 - 64
402,Yes,No,No,No,No,No,Yes,No,No,Some college,"$200,000+",35 - 64
394,Yes,No,No,No,No,No,Yes,No,No answer,Some college,"$75,000-$99,999",35 - 64
403,No,No,No,No,No,No,Yes,No,No,Associate's degree,"$50,000-$74,999",35 - 64
406,No,No,No,No,No,No,Yes,No,No,Associate's degree,"$25,000-$49,999",35 - 64
407,No,No,No,No,No,No,Yes,No,Yes,College graduate,"$25,000-$49,999",35 - 64
408,Yes,No,No,No,No,No,Yes,No,No,Post graduate degree,"$150,000-$174,999",35 - 64
409,Yes,No,No,No,Yes,No,No,No,No,Post graduate degree,"$0-$9,999",35 - 64
410,Yes,No,No,No,No,No,Yes,No,Yes,College graduate,Prefer not to answer,35 - 64
411,No,No,No,No,No,No,Yes,No,No,Some college,"$50,000-$74,999",35 - 64
412,No,No,No,No,No,No,Yes,No,No,Associate's degree,"$50,000-$74,999",35 - 64
404,No,No,No,No,No,No,No,Yes,Yes,Some college,"$10,000-$24,999",35 - 64
393,No,No,No,No,No,No,Yes,No,No,High school or G.E.D.,"$75,000-$99,999",35 - 64
391,Yes,No,No,No,Yes,No,No,No,Yes,Post graduate degree,"$125,000-$149,999",35 - 64
389,No,No,No,No,No,No,Yes,No,No,Some college,"$50,000-$74,999",35 - 64
365,Yes,No,No,No,No,No,Yes,No,Yes,College graduate,"$175,000-$199,999",35 - 64
367,No,No,No,No,No,No,Yes,No,No,Post graduate degree,"$75,000-$99,999",35 - 64
368,Yes,No,No,No,Yes,No,No,No,No,Some college,"$75,000-$99,999",35 - 64
369,Yes,No,No,No,No,No,Yes,No,No,Post graduate degree,"$10,000-$24,999",35 - 64
740,Yes,No,No,No,No,No,Yes,No,Yes,Associate's degree,"$50,000-$74,999",35 - 64
371,Yes,No,No,No,Yes,No,No,No,No,Some college,Prefer not to answer,35 - 64
372,No,No,No,No,No,No,Yes,No,No,Post graduate degree,"$175,000-$199,999",35 - 64
373,Yes,No,No,No,No,No,Yes,No,No,College graduate,Prefer not to answer,35 - 64
374,No,No,No,No,No,No,Yes,No,No,Some college,"$50,000-$74,999",35 - 64
375,No,No,No,No,No,No,Yes,No,No,College graduate,Prefer not to answer,35 - 64
376,No,No,No,No,No,No,Yes,No,No,College graduate,"$100,000-$124,999",35 - 64
377,No,No,No,No,No,No,Yes,No,Yes,Some college,Prefer not to answer,35 - 64
378,Yes,No,Yes,Yes,Yes,No,No,No,Yes,College graduate,Prefer not to answer,35 - 64
382,Yes,No,No,No,No,No,Yes,No,No,Post graduate degree,"$200,000+",35 - 64
384,No,No,No,No,No,No,Yes,No,No,Post graduate degree,Prefer not to answer,35 - 64
387,Yes,No,No,No,No,No,Yes,No,Yes,High school or G.E.D.,"$25,000-$49,999",35 - 64
388,No,No,No,No,No,Yes,No,No,No,College graduate,"$200,000+",35 - 64
413,No,No,No,No,No,No,Yes,No,No,College graduate,"$50,000-$74,999",35 - 64
414,Yes,No,No,No,No,No,Yes,No,No,Associate's degree,Prefer not to answer,35 - 64
415,Yes,No,No,No,No,No,Yes,No,No,College graduate,"$50,000-$74,999",35 - 64
419,No,No,No,No,No,No,Yes,No,No,High school or G.E.D.,"$50,000-$74,999",35 - 64
452,Yes,No,No,No,No,No,Yes,No,No,Associate's degree,Prefer not to answer,35 - 64
455,Yes,No,No,No,No,No,Yes,No,Yes,Post graduate degree,"$125,000-$149,999",35 - 64
542,Yes,No,No,No,No,No,Yes,No,No,Post graduate degree,"$125,000-$149,999",35 - 64
457,No,No,No,No,No,No,Yes,No,No,College graduate,"$125,000-$149,999",35 - 64
458,No,No,No,No,Yes,No,No,No,Yes,College graduate,"$125,000-$149,999",35 - 64
459,No,No,No,No,No,No,Yes,No,Yes,Post graduate degree,"$50,000-$74,999",35 - 64
460,No,No,Yes,No,No,No,No,No,No,College graduate,"$100,000-$124,999",35 - 64
462,Yes,No,No,No,No,No,Yes,No,No,Associate's degree,"$0-$9,999",35 - 64
464,Yes,No,No,No,No,No,Yes,No,No,Some college,Prefer not to answer,35 - 64
465,Yes,No,No,No,No,No,Yes,No,No,Some college,"$75,000-$99,999",35 - 64
466,Yes,No,No,No,Yes,No,No,No,Yes,College graduate,Prefer not to answer,35 - 64
468,No,No,No,No,No,No,Yes,No,No,Associate's degree,Prefer not to answer,35 - 64
469,Yes,No,No,No,No,No,Yes,No,Yes,College graduate,"$75,000-$99,999",35 - 64
471,No,No,No,No,No,No,Yes,No,Yes,Associate's degree,"$50,000-$74,999",35 - 64
472,Yes,No,No,No,No,No,Yes,No,No,College graduate,"$25,000-$49,999",35 - 64
473,No,No,No,No,No,No,Yes,No,Yes,Some college,"$50,000-$74,999",35 - 64
474,Yes,No,No,No,No,No,Yes,No,Yes,Post graduate degree,"$100,000-$124,999",35 - 64
451,Yes,No,No,No,No,No,Yes,No,Yes,Associate's degree,"$10,000-$24,999",35 - 64
476,No,No,No,No,No,Yes,No,No,Yes,College graduate,"$175,000-$199,999",35 - 64
450,Yes,No,No,No,No,No,Yes,No,Yes,High school or G.E.D.,"$125,000-$149,999",35 - 64
448,Yes,No,No,No,No,No,No,No,No,Associate's degree,"$10,000-$24,999",35 - 64
420,Yes,No,No,No,No,No,Yes,No,No,High school or G.E.D.,"$50,000-$74,999",35 - 64
421,Yes,No,Yes,No,Yes,No,No,Yes,No,Associate's degree,"$50,000-$74,999",35 - 64
423,No,No,No,No,No,No,Yes,No,No,College graduate,"$75,000-$99,999",35 - 64
425,No,No,No,No,No,No,Yes,No,No,College graduate,"$75,000-$99,999",35 - 64
428,No,No,No,No,No,No,Yes,No,No,Post graduate degree,"$50,000-$74,999",35 - 64
429,Yes,No,No,No,No,No,Yes,No,No,Post graduate degree,"$10,000-$24,999",35 - 64
431,No,No,No,No,No,No,Yes,No,No,Post graduate degree,"$200,000+",35 - 64
432,No,No,No,No,No,No,Yes,No,Yes,Post graduate degree,"$200,000+",35 - 64
433,Yes,No,No,No,No,No,Yes,No,No,Post graduate degree,"$200,000+",35 - 64
434,Yes,No,No,No,No,No,Yes,No,Yes,College graduate,"$100,000-$124,999",35 - 64
436,No,No,No,No,No,No,No,Yes,No,High school or G.E.D.,"$75,000-$99,999",35 - 64
438,No,No,No,No,No,No,No,No,No,Some college,"$200,000+",35 - 64
439,No,No,No,No,No,No,No,Yes,No,Post graduate degree,"$50,000-$74,999",35 - 64
440,Yes,No,No,No,No,No,Yes,No,No,Post graduate degree,"$100,000-$124,999",35 - 64
444,Yes,No,Yes,No,No,No,No,No,Yes,Post graduate degree,"$100,000-$124,999",35 - 64
445,No,No,No,No,No,No,Yes,No,No,Associate's degree,"$75,000-$99,999",35 - 64
446,No,No,No,No,No,No,Yes,No,Yes,Post graduate degree,"$200,000+",35 - 64
449,Yes,No,No,No,Yes,No,No,No,No,Some college,"$25,000-$49,999",35 - 64
543,No,No,No,No,No,No,No,Yes,No,Associate's degree,"$200,000+",35 - 64
573,No,No,No,No,No,No,Yes,No,No,Some college,"$25,000-$49,999",35 - 64
545,No,No,No,No,No,No,Yes,No,No,College graduate,"$50,000-$74,999",35 - 64
668,No,No,Yes,Yes,Yes,No,No,No,Yes,Post graduate degree,"$150,000-$174,999",35 - 64
669,No,No,No,No,No,No,Yes,No,No,Some college,"$25,000-$49,999",35 - 64
670,Yes,No,No,No,No,Yes,No,No,No,Post graduate degree,"$25,000-$49,999",35 - 64
671,No,No,Yes,No,No,No,No,No,No,College graduate,"$0-$9,999",35 - 64
673,Yes,No,Yes,Yes,No,No,No,No,Yes,Post graduate degree,"$150,000-$174,999",35 - 64
674,Yes,Yes,No,No,No,No,No,No,No,Some college,"$150,000-$174,999",35 - 64
675,Yes,No,No,No,Yes,No,No,No,Yes,Post graduate degree,"$75,000-$99,999",35 - 64
676,No,No,No,No,No,No,Yes,No,No,Post graduate degree,"$75,000-$99,999",35 - 64
678,No,No,No,No,No,No,Yes,No,No,College graduate,Prefer not to answer,35 - 64
679,No,No,No,No,No,No,Yes,No,No,College graduate,"$75,000-$99,999",35 - 64
680,Yes,No,No,No,No,No,Yes,No,No,Post graduate degree,"$200,000+",35 - 64
681,No,No,No,No,No,No,Yes,No,No,Associate's degree,"$75,000-$99,999",35 - 64
682,Yes,No,No,No,No,No,Yes,No,Yes,Post graduate degree,"$50,000-$74,999",35 - 64
683,No,No,No,No,No,No,Yes,No,No,College graduate,"$75,000-$99,999",35 - 64
684,No,No,No,No,No,No,Yes,No,No,Associate's degree,"$25,000-$49,999",35 - 64
667,No,No,No,No,No,No,Yes,No,No,Post graduate degree,"$150,000-$174,999",35 - 64
686,Yes,No,No,No,No,No,Yes,No,No,Post graduate degree,"$75,000-$99,999",35 - 64
666,Yes,No,No,No,No,No,Yes,No,Yes,College graduate,"$50,000-$74,999",35 - 64
663,No,No,No,No,No,No,Yes,No,No,High school or G.E.D.,"$25,000-$49,999",35 - 64
643,No,No,No,No,No,No,Yes,No,No,College graduate,"$10,000-$24,999",35 - 64
644,Yes,No,No,No,No,No,Yes,No,No,Post graduate degree,"$200,000+",35 - 64
646,No,No,Yes,Yes,Yes,No,No,No,No,Post graduate degree,"$75,000-$99,999",35 - 64
647,Yes,No,No,No,No,No,Yes,No,No,College graduate,"$150,000-$174,999",35 - 64
648,Yes,No,No,No,No,Yes,No,No,Yes,College graduate,"$25,000-$49,999",35 - 64
649,No,No,No,No,No,No,Yes,No,No,Post graduate degree,"$200,000+",35 - 64
650,No,No,No,No,No,No,Yes,No,No,Some college,Prefer not to answer,35 - 64
652,No,No,No,No,No,No,Yes,No,No,Some college,"$25,000-$49,999",35 - 64
653,No,No,No,No,No,Yes,No,No,No,Some college,"$100,000-$124,999",35 - 64
656,No,No,No,No,No,No,Yes,No,No,College graduate,Prefer not to answer,35 - 64
658,No,No,No,No,No,No,Yes,No,No,Post graduate degree,"$75,000-$99,999",35 - 64
659,Yes,No,No,No,No,No,Yes,No,No,Post graduate degree,"$50,000-$74,999",35 - 64
660,Yes,No,No,No,No,Yes,No,No,Yes,Some college,"$100,000-$124,999",35 - 64
661,Yes,No,No,No,Yes,No,No,No,Yes,College graduate,"$125,000-$149,999",35 - 64
662,No,No,No,No,No,No,Yes,No,Yes,Some college,"$50,000-$74,999",35 - 64
664,Yes,No,No,No,No,No,Yes,No,Yes,College graduate,"$25,000-$49,999",35 - 64
642,No,No,No,No,No,No,Yes,No,No,College graduate,"$200,000+",35 - 64
688,Yes,No,No,No,No,No,Yes,No,No,Some college,"$125,000-$149,999",35 - 64
690,Yes,No,No,No,No,No,Yes,No,Yes,High school or G.E.D.,"$25,000-$49,999",35 - 64
719,Yes,No,No,No,No,No,Yes,No,Yes,Post graduate degree,"$100,000-$124,999",35 - 64
720,Yes,No,No,No,No,No,Yes,No,Yes,Associate's degree,"$125,000-$149,999",35 - 64
722,No,No,No,No,No,No,Yes,No,No,High school or G.E.D.,"$50,000-$74,999",35 - 64
723,No,No,No,No,No,No,Yes,No,No,Post graduate degree,"$125,000-$149,999",35 - 64
724,No,No,No,No,No,Yes,No,No,No,College graduate,"$25,000-$49,999",35 - 64
725,Yes,No,No,No,No,No,Yes,No,Yes,College graduate,"$50,000-$74,999",35 - 64
726,No,No,Yes,No,No,No,No,No,No,Some college,"$25,000-$49,999",35 - 64
729,Yes,No,No,No,No,No,Yes,No,No,Post graduate degree,"$75,000-$99,999",35 - 64
730,Yes,No,No,No,No,No,Yes,No,No,College graduate,"$125,000-$149,999",35 - 64
731,Yes,Yes,Yes,Yes,Yes,No,No,No,No,High school or G.E.D.,"$200,000+",35 - 64
732,Yes,Yes,Yes,Yes,Yes,No,No,No,No,Associate's degree,"$25,000-$49,999",35 - 64
734,Yes,No,No,No,No,No,Yes,No,No,Some college,"$100,000-$124,999",35 - 64
736,No,No,No,No,No,No,Yes,No,Yes,Some college,"$75,000-$99,999",35 - 64
737,Yes,No,No,No,No,No,Yes,No,No,Some college,"$100,000-$124,999",35 - 64
739,Yes,No,No,No,No,No,Yes,No,Yes,Did not complete high school,"$50,000-$74,999",35 - 64
718,No,No,No,No,No,No,Yes,No,Yes,College graduate,"$125,000-$149,999",35 - 64
689,No,No,No,No,No,No,Yes,No,No,College graduate,"$50,000-$74,999",35 - 64
717,Yes,No,No,No,No,No,Yes,No,No,Some college,"$50,000-$74,999",35 - 64
715,No,No,No,No,No,No,Yes,No,No,College graduate,"$175,000-$199,999",35 - 64
691,Yes,No,No,No,No,No,Yes,No,No,Post graduate degree,"$125,000-$149,999",35 - 64
693,No,No,Yes,No,No,No,No,No,No,College graduate,"$200,000+",35 - 64
694,No,No,No,No,No,No,Yes,No,No,Post graduate degree,"$200,000+",35 - 64
695,Yes,No,No,No,No,No,Yes,No,No,Post graduate degree,Prefer not to answer,35 - 64
696,Yes,No,No,No,No,No,Yes,No,No,Associate's degree,"$10,000-$24,999",35 - 64
698,No,No,No,No,No,No,Yes,No,No,Some college,"$50,000-$74,999",35 - 64
701,Yes,No,No,No,No,No,Yes,No,No,Some college,"$200,000+",35 - 64
702,Yes,No,No,No,No,No,Yes,No,Yes,Associate's degree,Prefer not to answer,35 - 64
703,Yes,No,No,No,No,No,Yes,No,No,Post graduate degree,"$100,000-$124,999",35 - 64
704,Yes,No,No,No,No,No,Yes,No,Yes,Post graduate degree,Prefer not to answer,35 - 64
706,No,No,No,No,No,No,No,No,No,Some college,"$100,000-$124,999",35 - 64
708,No,Yes,Yes,No,Yes,No,No,No,Yes,Some college,"$10,000-$24,999",35 - 64
709,No,No,No,No,No,No,Yes,No,No,Some college,"$25,000-$49,999",35 - 64
710,Yes,No,No,No,No,No,Yes,No,Yes,Post graduate degree,"$200,000+",35 - 64
711,Yes,No,No,No,No,No,Yes,No,Yes,Post graduate degree,"$175,000-$199,999",35 - 64
716,Yes,Yes,No,No,Yes,No,No,No,No,Post graduate degree,"$200,000+",35 - 64
544,No,No,No,No,No,No,Yes,No,No,High school or G.E.D.,"$10,000-$24,999",35 - 64
641,No,No,No,Yes,No,No,No,No,Yes,College graduate,"$50,000-$74,999",35 - 64
639,Yes,No,No,No,No,No,Yes,No,No,Some college,"$150,000-$174,999",35 - 64
569,Yes,No,No,No,No,No,Yes,No,No,College graduate,"$125,000-$149,999",35 - 64
571,No,No,No,No,No,Yes,No,No,No,College graduate,"$75,000-$99,999",35 - 64
572,Yes,No,No,No,No,No,Yes,No,No,Associate's degree,"$75,000-$99,999",35 - 64
364,Yes,No,No,No,No,Yes,No,No,No,Post graduate degree,"$50,000-$74,999",35 - 64
574,Yes,No,No,No,Yes,No,No,No,No,Associate's degree,"$25,000-$49,999",35 - 64
575,Yes,No,No,No,No,No,Yes,No,Yes,High school or G.E.D.,"$175,000-$199,999",35 - 64
576,No,No,No,Yes,Yes,No,No,No,Yes,Post graduate degree,"$125,000-$149,999",35 - 64
578,No,No,No,No,No,No,Yes,No,No,College graduate,"$10,000-$24,999",35 - 64
579,Yes,No,No,No,No,No,Yes,No,Yes,College graduate,"$25,000-$49,999",35 - 64
580,No,No,No,No,No,Yes,No,No,No,High school or G.E.D.,"$25,000-$49,999",35 - 64
581,Yes,No,No,No,No,Yes,No,No,No,High school or G.E.D.,"$50,000-$74,999",35 - 64
582,Yes,No,No,No,No,No,Yes,No,Yes,College graduate,"$25,000-$49,999",35 - 64
584,Yes,No,No,No,No,No,Yes,No,Yes,Post graduate degree,"$50,000-$74,999",35 - 64
585,Yes,No,No,No,No,Yes,No,No,Yes,College graduate,Prefer not to answer,35 - 64
586,Yes,No,No,No,No,Yes,No,No,Yes,College graduate,"$25,000-$49,999",35 - 64
568,No,No,Yes,No,No,No,No,No,Yes,Some college,"$25,000-$49,999",35 - 64
587,Yes,No,No,No,No,No,Yes,No,Yes,Some college,"$75,000-$99,999",35 - 64
567,Yes,No,No,No,No,No,Yes,No,No,College graduate,Prefer not to answer,35 - 64
565,No,No,No,No,No,No,Yes,No,No,Some college,"$75,000-$99,999",35 - 64
546,Yes,No,No,No,No,No,Yes,No,No,High school or G.E.D.,"$100,000-$124,999",35 - 64
548,Yes,No,No,No,No,No,Yes,No,No,College graduate,"$175,000-$199,999",35 - 64
549,No,No,No,No,No,No,Yes,No,No,Post graduate degree,"$100,000-$124,999",35 - 64
551,No,No,No,No,No,No,Yes,No,No,Some college,"$50,000-$74,999",35 - 64
552,Yes,No,No,No,No,No,Yes,No,Yes,College graduate,"$200,000+",35 - 64
553,No,No,No,No,No,No,Yes,No,No,High school or G.E.D.,"$75,000-$99,999",35 - 64
555,Yes,No,No,No,No,No,Yes,No,Yes,College graduate,"$200,000+",35 - 64
556,Yes,No,No,No,No,No,Yes,No,Yes,Some college,"$75,000-$99,999",35 - 64
557,Yes,No,No,No,Yes,No,No,No,No,Post graduate degree,"$75,000-$99,999",35 - 64
559,Yes,No,No,No,No,No,Yes,No,No,Associate's degree,"$100,000-$124,999",35 - 64
560,Yes,No,No,No,No,No,Yes,No,No,Associate's degree,"$100,000-$124,999",35 - 64
561,No,No,No,No,No,No,No,Yes,No,College graduate,"$75,000-$99,999",35 - 64
562,No,No,No,No,No,No,Yes,No,No,High school or G.E.D.,"$75,000-$99,999",35 - 64
563,No,No,No,No,No,No,Yes,No,No,Associate's degree,"$50,000-$74,999",35 - 64
564,No,No,No,No,No,No,Yes,No,Yes,Associate's degree,"$50,000-$74,999",35 - 64
566,No,No,No,No,No,No,Yes,No,No,Some college,"$50,000-$74,999",35 - 64
640,Yes,No,No,No,No,No,Yes,No,No,Some college,"$50,000-$74,999",35 - 64
588,No,No,No,No,No,No,Yes,No,No,High school or G.E.D.,"$50,000-$74,999",35 - 64
591,Yes,Yes,No,No,Yes,No,No,No,Yes,Post graduate degree,"$25,000-$49,999",35 - 64
618,Yes,No,No,No,No,No,Yes,No,Yes,Post graduate degree,"$200,000+",35 - 64
619,No,No,No,No,No,No,Yes,No,Yes,Post graduate degree,"$25,000-$49,999",35 - 64
620,Yes,No,No,No,No,No,Yes,No,Yes,College graduate,"$100,000-$124,999",35 - 64
621,No,No,No,No,No,No,Yes,No,Yes,High school or G.E.D.,"$25,000-$49,999",35 - 64
622,Yes,No,No,No,No,No,Yes,No,No,Some college,"$100,000-$124,999",35 - 64
623,Yes,No,No,No,No,No,Yes,No,Yes,College graduate,Prefer not to answer,35 - 64
624,No,No,No,No,No,No,Yes,No,Yes,Post graduate degree,"$50,000-$74,999",35 - 64
626,Yes,No,No,No,No,Yes,No,No,No,Post graduate degree,"$50,000-$74,999",35 - 64
627,No,No,No,No,No,No,Yes,No,Yes,Some college,"$25,000-$49,999",35 - 64
629,No,No,No,No,No,No,Yes,No,No,College graduate,Prefer not to answer,35 - 64
630,Yes,Yes,No,No,No,No,No,No,Yes,College graduate,"$200,000+",35 - 64
632,No,No,Yes,No,No,No,No,No,Yes,Post graduate degree,"$200,000+",35 - 64
635,No,No,No,Yes,Yes,No,No,No,No,College graduate,"$100,000-$124,999",35 - 64
636,Yes,No,No,No,No,No,Yes,No,No,High school or G.E.D.,"$50,000-$74,999",35 - 64
638,Yes,No,No,No,No,No,Yes,No,Yes,Associate's degree,"$100,000-$124,999",35 - 64
617,Yes,No,No,No,No,No,Yes,No,Yes,Post graduate degree,"$100,000-$124,999",35 - 64
590,No,No,No,No,No,No,Yes,No,No,Associate's degree,"$25,000-$49,999",35 - 64
616,No,No,No,No,No,No,Yes,No,Yes,Some college,"$10,000-$24,999",35 - 64
614,No,No,No,No,No,No,Yes,No,No,Post graduate degree,"$75,000-$99,999",35 - 64
592,Yes,No,No,No,No,No,No,Yes,No,High school or G.E.D.,"$200,000+",35 - 64
593,No,No,No,No,No,No,Yes,No,No,Some college,"$50,000-$74,999",35 - 64
594,Yes,Yes,No,Yes,Yes,No,No,No,No,Post graduate degree,"$175,000-$199,999",35 - 64
597,No,No,Yes,No,Yes,No,No,No,Yes,Post graduate degree,Prefer not to answer,35 - 64
600,Yes,No,Yes,No,No,No,No,No,Yes,Post graduate degree,"$75,000-$99,999",35 - 64
601,No,No,No,No,No,No,Yes,No,Yes,Post graduate degree,"$125,000-$149,999",35 - 64
602,Yes,No,No,No,No,Yes,No,No,No,Associate's degree,"$200,000+",35 - 64
603,Yes,No,No,No,No,No,Yes,No,No,Post graduate degree,"$50,000-$74,999",35 - 64
605,No,No,No,No,No,No,No,Yes,No,College graduate,"$50,000-$74,999",35 - 64
606,Yes,No,No,No,No,No,Yes,No,Yes,High school or G.E.D.,"$75,000-$99,999",35 - 64
607,Yes,No,No,No,No,No,Yes,No,Yes,College graduate,"$25,000-$49,999",35 - 64
609,Yes,No,No,No,No,No,Yes,No,No,College graduate,"$25,000-$49,999",35 - 64
610,Yes,No,No,No,No,No,Yes,No,No,High school or G.E.D.,"$25,000-$49,999",35 - 64
611,No,No,No,No,No,No,Yes,No,Yes,College graduate,"$25,000-$49,999",35 - 64
612,Yes,Yes,No,No,Yes,No,No,No,No,Some college,"$175,000-$199,999",35 - 64
615,Yes,No,No,No,Yes,No,No,No,No,College graduate,"$150,000-$174,999",35 - 64
363,No,No,No,No,No,No,Yes,No,Yes,Associate's degree,Prefer not to answer,35 - 64
0,No,No,No,No,No,No,No,Yes,No,College graduate,"$50,000-$74,999",35 - 64
361,No,No,No,No,No,No,Yes,No,No,Some college,"$25,000-$49,999",35 - 64
143,Yes,No,No,No,No,No,No,No,No,Post graduate degree,"$175,000-$199,999",35 - 64
144,No,No,No,No,No,No,Yes,No,No,College graduate,"$200,000+",35 - 64
145,Yes,No,No,No,No,No,Yes,No,No,College graduate,"$175,000-$199,999",35 - 64
146,Yes,No,No,No,No,No,Yes,No,Yes,College graduate,Prefer not to answer,35 - 64
149,Yes,No,No,No,Yes,No,No,No,Yes,Post graduate degree,"$100,000-$124,999",35 - 64
152,Yes,No,No,No,No,No,Yes,No,No,Some college,Prefer not to answer,35 - 64
155,Yes,Yes,No,No,No,No,No,No,Yes,Post graduate degree,"$150,000-$174,999",35 - 64
157,Yes,No,No,No,No,No,Yes,No,Yes,Associate's degree,"$75,000-$99,999",35 - 64
158,Yes,No,No,No,No,No,Yes,No,No,College graduate,"$50,000-$74,999",35 - 64
159,Yes,No,No,No,No,No,Yes,No,No,Some college,"$100,000-$124,999",35 - 64
160,No,No,No,No,No,No,Yes,No,No,High school or G.E.D.,"$50,000-$74,999",35 - 64
164,Yes,No,No,No,No,No,Yes,No,No,Post graduate degree,"$200,000+",35 - 64
165,No,No,No,No,No,No,Yes,No,No,High school or G.E.D.,"$25,000-$49,999",35 - 64
166,No,No,No,Yes,No,No,No,No,No,College graduate,"$150,000-$174,999",35 - 64
168,Yes,No,No,No,No,No,Yes,No,No,College graduate,"$10,000-$24,999",35 - 64
142,No,No,No,No,No,No,Yes,No,No,Post graduate degree,"$100,000-$124,999",35 - 64
170,No,No,Yes,No,No,No,No,No,Yes,College graduate,Prefer not to answer,35 - 64
138,Yes,No,No,No,No,No,Yes,No,No,Associate's degree,"$50,000-$74,999",35 - 64
134,No,No,No,No,No,No,Yes,No,No,Post graduate degree,Prefer not to answer,35 - 64
114,No,No,No,No,No,No,No,Yes,No,College graduate,"$150,000-$174,999",35 - 64
115,No,No,No,Yes,Yes,No,No,No,No,College graduate,"$75,000-$99,999",35 - 64
117,No,No,No,No,No,No,Yes,No,No,College graduate,"$200,000+",35 - 64
118,Yes,No,No,No,No,No,Yes,No,No,College graduate,"$75,000-$99,999",35 - 64
119,Yes,No,No,Yes,No,No,No,No,Yes,Post graduate degree,"$150,000-$174,999",35 - 64
122,No,No,Yes,No,No,No,No,No,No,College graduate,"$50,000-$74,999",35 - 64
123,No,No,No,No,No,No,Yes,No,No,College graduate,"$150,000-$174,999",35 - 64
124,No,No,No,No,No,No,Yes,No,Yes,College graduate,"$150,000-$174,999",35 - 64
125,Yes,Yes,Yes,Yes,Yes,No,No,No,No,Post graduate degree,"$25,000-$49,999",35 - 64
126,No,No,No,No,No,No,Yes,No,No,College graduate,"$75,000-$99,999",35 - 64
128,Yes,No,No,No,No,No,Yes,No,No,Associate's degree,"$25,000-$49,999",35 - 64
129,Yes,No,No,No,No,No,Yes,No,Yes,Post graduate degree,"$200,000+",35 - 64
130,Yes,No,Yes,No,No,No,No,No,No,College graduate,"$25,000-$49,999",35 - 64
131,No,No,No,No,No,No,Yes,No,Yes,Post graduate degree,"$175,000-$199,999",35 - 64
133,Yes,No,No,No,No,No,Yes,No,No,College graduate,"$75,000-$99,999",35 - 64
137,No,No,No,No,No,No,Yes,No,No,Post graduate degree,"$125,000-$149,999",35 - 64
171,No,No,No,No,No,No,Yes,No,Yes,Associate's degree,"$0-$9,999",35 - 64
172,No,No,No,No,No,No,Yes,No,Yes,College graduate,"$100,000-$124,999",35 - 64
174,Yes,No,No,No,No,No,Yes,No,No,College graduate,"$125,000-$149,999",35 - 64
207,Yes,No,No,No,No,No,No,Yes,No,College graduate,Prefer not to answer,35 - 64
208,Yes,No,No,No,No,No,Yes,No,Yes,Post graduate degree,"$175,000-$199,999",35 - 64
212,Yes,No,No,No,No,No,Yes,No,No,Some college,"$50,000-$74,999",35 - 64
213,No,No,No,No,No,No,Yes,No,No,Associate's degree,"$75,000-$99,999",35 - 64
214,Yes,No,No,No,No,No,Yes,No,Yes,Some college,"$100,000-$124,999",35 - 64
216,No,No,No,No,No,No,Yes,No,Yes,College graduate,"$100,000-$124,999",35 - 64
217,Yes,No,No,No,No,No,No,Yes,Yes,Post graduate degree,"$100,000-$124,999",35 - 64
218,No,No,No,No,No,No,Yes,No,No,Some college,"$125,000-$149,999",35 - 64
220,Yes,No,No,No,No,Yes,No,No,Yes,College graduate,"$25,000-$49,999",35 - 64
221,No,No,No,No,No,No,Yes,No,Yes,Post graduate degree,"$100,000-$124,999",35 - 64
223,Yes,No,No,No,No,No,Yes,No,No,Associate's degree,"$100,000-$124,999",35 - 64
224,No,No,No,No,No,No,Yes,No,Yes,College graduate,"$50,000-$74,999",35 - 64
225,No,No,No,No,No,No,Yes,No,Yes,Some college,"$50,000-$74,999",35 - 64
228,No,No,No,No,No,No,Yes,No,No,College graduate,"$75,000-$99,999",35 - 64
229,Yes,No,No,No,No,No,Yes,No,No,College graduate,"$100,000-$124,999",35 - 64
206,Yes,No,No,No,No,No,Yes,No,No,Associate's degree,"$50,000-$74,999",35 - 64
205,No,No,No,No,No,No,Yes,No,No,College graduate,"$25,000-$49,999",35 - 64
204,Yes,Yes,No,No,No,No,No,No,Yes,Post graduate degree,"$200,000+",35 - 64
203,Yes,No,Yes,Yes,No,No,No,No,No,Associate's degree,"$75,000-$99,999",35 - 64
175,No,No,No,No,No,No,Yes,No,No,Post graduate degree,Prefer not to answer,35 - 64
177,No,Yes,No,No,No,No,No,No,No,Post graduate degree,"$200,000+",35 - 64
180,No,No,No,No,No,No,Yes,No,No,Post graduate degree,"$200,000+",35 - 64
181,No,No,Yes,Yes,No,No,No,No,No,College graduate,"$50,000-$74,999",35 - 64
182,Yes,No,No,No,No,No,Yes,No,No,Associate's degree,"$75,000-$99,999",35 - 64
183,No,No,No,No,No,No,Yes,No,No,Post graduate degree,"$75,000-$99,999",35 - 64
185,No,No,No,No,No,No,Yes,No,No,College graduate,"$50,000-$74,999",35 - 64
113,No,No,No,No,No,No,Yes,No,No,Some college,"$25,000-$49,999",35 - 64
187,Yes,No,No,No,No,No,Yes,No,No,Associate's degree,"$0-$9,999",35 - 64
191,Yes,No,No,No,Yes,No,No,No,Yes,Post graduate degree,"$50,000-$74,999",35 - 64
193,No,No,No,No,No,No,Yes,No,No,College graduate,Prefer not to answer,35 - 64
195,Yes,No,No,No,Yes,No,No,No,Yes,College graduate,"$25,000-$49,999",35 - 64
196,No,No,No,No,No,Yes,No,No,Yes,Some college,"$75,000-$99,999",35 - 64
197,No,No,No,No,No,No,No,Yes,No,Some college,"$25,000-$49,999",35 - 64
200,Yes,No,No,No,No,No,Yes,No,Yes,Post graduate degree,"$125,000-$149,999",35 - 64
202,Yes,No,Yes,No,No,No,No,No,Yes,College graduate,"$100,000-$124,999",35 - 64
190,Yes,No,No,No,No,No,Yes,No,Yes,High school or G.E.D.,"$50,000-$74,999",35 - 64
233,Yes,No,No,No,Yes,No,No,No,No,College graduate,"$50,000-$74,999",35 - 64
112,No,No,No,No,No,No,Yes,No,No,College graduate,"$200,000+",35 - 64
107,Yes,No,No,No,No,No,Yes,No,No,Post graduate degree,Prefer not to answer,35 - 64
30,Yes,No,No,No,No,No,No,Yes,No,College graduate,"$125,000-$149,999",35 - 64
32,Yes,No,No,No,No,No,Yes,No,No,College graduate,"$100,000-$124,999",35 - 64
33,No,No,No,No,No,No,Yes,No,No,Associate's degree,"$125,000-$149,999",35 - 64
35,No,No,No,No,No,No,Yes,No,No,College graduate,"$50,000-$74,999",35 - 64
36,Yes,No,No,No,No,No,Yes,No,No,College graduate,"$25,000-$49,999",35 - 64
38,Yes,No,Yes,No,No,No,No,No,No,Post graduate degree,"$125,000-$149,999",35 - 64
40,Yes,No,No,No,No,No,Yes,No,No,Post graduate degree,"$125,000-$149,999",35 - 64
41,No,Yes,No,No,Yes,No,No,No,Yes,College graduate,"$75,000-$99,999",35 - 64
42,Yes,No,No,No,No,No,Yes,No,No,Post graduate degree,"$50,000-$74,999",35 - 64
43,No,No,No,No,No,No,Yes,No,No,College graduate,"$175,000-$199,999",35 - 64
47,No,No,No,No,No,Yes,No,No,No,Some college,"$100,000-$124,999",35 - 64
48,No,No,No,No,No,No,Yes,No,Yes,Some college,"$75,000-$99,999",35 - 64
49,No,No,No,No,No,No,Yes,No,No,College graduate,"$75,000-$99,999",35 - 64
51,Yes,No,No,No,No,No,Yes,No,No,College graduate,"$25,000-$49,999",35 - 64
54,No,No,No,No,No,No,Yes,No,Yes,Post graduate degree,"$25,000-$49,999",35 - 64
29,No,No,No,No,Yes,No,No,No,No,Post graduate degree,"$75,000-$99,999",35 - 64
55,Yes,No,No,No,No,No,Yes,No,No,College graduate,"$75,000-$99,999",35 - 64
27,Yes,No,No,No,No,No,Yes,No,Yes,Post graduate degree,"$75,000-$99,999",35 - 64
24,Yes,No,No,No,No,No,Yes,No,Yes,Post graduate degree,"$25,000-$49,999",35 - 64
1,Yes,No,No,No,No,No,Yes,No,Yes,College graduate,"$50,000-$74,999",35 - 64
3,No,No,No,No,No,No,Yes,No,No,Some college,"$100,000-$124,999",35 - 64
4,Yes,No,No,No,No,No,Yes,No,No,Post graduate degree,"$150,000-$174,999",35 - 64
5,Yes,No,No,No,No,Yes,No,No,No,College graduate,"$100,000-$124,999",35 - 64
6,Yes,No,No,No,No,No,Yes,No,No,Post graduate degree,"$50,000-$74,999",35 - 64
7,No,No,No,No,No,No,Yes,No,No,College graduate,"$100,000-$124,999",35 - 64
9,No,No,No,No,No,Yes,No,No,No,Post graduate degree,Prefer not to answer,35 - 64
10,Yes,No,No,No,No,No,Yes,No,Yes,College graduate,"$125,000-$149,999",35 - 64
11,Yes,No,No,No,No,No,Yes,No,Yes,College graduate,"$25,000-$49,999",35 - 64
13,No,No,No,No,No,No,Yes,No,No,Some college,"$75,000-$99,999",35 - 64
14,Yes,No,No,No,No,No,Yes,No,No,College graduate,"$100,000-$124,999",35 - 64
15,Yes,Yes,Yes,No,Yes,No,No,No,No,High school or G.E.D.,"$25,000-$49,999",35 - 64
16,No,No,No,No,No,No,Yes,No,No,Some college,"$75,000-$99,999",35 - 64
18,Yes,No,No,No,Yes,No,No,No,Yes,Post graduate degree,"$175,000-$199,999",35 - 64
22,No,No,No,No,No,Yes,No,No,No,College graduate,"$100,000-$124,999",35 - 64
26,Yes,No,No,No,No,No,No,Yes,No,Associate's degree,"$75,000-$99,999",35 - 64
56,Yes,Yes,No,No,No,Yes,No,No,Yes,Post graduate degree,"$75,000-$99,999",35 - 64
57,Yes,No,No,No,Yes,No,No,No,No,Associate's degree,"$175,000-$199,999",35 - 64
58,No,No,Yes,No,No,No,No,No,No,High school or G.E.D.,"$100,000-$124,999",35 - 64
88,Yes,No,Yes,No,Yes,No,No,No,No,Some college,Prefer not to answer,35 - 64
89,No,No,No,No,No,No,Yes,No,No,Some college,"$150,000-$174,999",35 - 64
90,No,No,No,No,No,No,Yes,No,No,Post graduate degree,"$75,000-$99,999",35 - 64
93,No,No,No,No,No,No,Yes,No,No,High school or G.E.D.,"$75,000-$99,999",35 - 64
94,Yes,No,No,No,No,No,No,Yes,No,College graduate,"$100,000-$124,999",35 - 64
95,Yes,No,Yes,No,Yes,No,No,No,No,Associate's degree,"$125,000-$149,999",35 - 64
97,Yes,No,No,No,No,No,Yes,No,No,College graduate,"$75,000-$99,999",35 - 64
99,No,Yes,No,No,No,No,No,No,Yes,Some college,"$175,000-$199,999",35 - 64
100,Yes,No,Yes,Yes,No,No,No,No,No,College graduate,"$25,000-$49,999",35 - 64
101,No,No,No,Yes,No,No,No,No,No,Post graduate degree,"$50,000-$74,999",35 - 64
102,Yes,No,No,No,No,No,Yes,No,No,College graduate,"$0-$9,999",35 - 64
103,Yes,No,No,No,No,No,Yes,No,No,Post graduate degree,"$75,000-$99,999",35 - 64
104,No,No,No,No,No,No,Yes,No,No,College graduate,Prefer not to answer,35 - 64
105,Yes,No,No,No,No,No,Yes,No,Yes,Post graduate degree,"$100,000-$124,999",35 - 64
106,No,No,No,No,No,No,Yes,No,No,College graduate,"$100,000-$124,999",35 - 64
85,Yes,No,No,No,No,No,Yes,No,Yes,Associate's degree,"$75,000-$99,999",35 - 64
84,Yes,Yes,No,Yes,Yes,No,No,No,No,College graduate,"$50,000-$74,999",35 - 64
83,Yes,No,No,No,No,No,Yes,No,Yes,Post graduate degree,"$50,000-$74,999",35 - 64
82,No,No,No,No,No,No,Yes,No,No,Post graduate degree,"$150,000-$174,999",35 - 64
59,Yes,No,No,No,No,No,Yes,No,No,Post graduate degree,"$100,000-$124,999",35 - 64
60,No,No,No,No,No,No,Yes,No,No,Associate's degree,"$75,000-$99,999",35 - 64
61,Yes,No,No,No,No,Yes,No,No,No,Some college,"$200,000+",35 - 64
62,No,No,No,No,No,No,Yes,No,No,College graduate,"$100,000-$124,999",35 - 64
63,No,No,No,No,No,No,Yes,No,No,Post graduate degree,"$125,000-$149,999",35 - 64
64,Yes,No,No,No,No,No,Yes,No,No,Post graduate degree,Prefer not to answer,35 - 64
65,Yes,No,No,No,No,No,Yes,No,No,Post graduate degree,"$200,000+",35 - 64
108,Yes,No,No,No,No,No,Yes,No,No,College graduate,Prefer not to answer,35 - 64
66,No,No,No,No,No,No,Yes,No,No,High school or G.E.D.,"$25,000-$49,999",35 - 64
71,No,No,No,No,No,No,Yes,No,Yes,Post graduate degree,"$75,000-$99,999",35 - 64
73,No,No,No,No,No,Yes,No,No,Yes,Some college,"$50,000-$74,999",35 - 64
74,No,No,No,No,No,No,Yes,No,No,College graduate,"$200,000+",35 - 64
78,Yes,No,No,No,No,No,Yes,No,No,College graduate,"$200,000+",35 - 64
79,Yes,No,No,Yes,No,No,No,No,Yes,Some college,Prefer not to answer,35 - 64
80,No,No,No,No,No,No,Yes,No,No,Some college,"$50,000-$74,999",35 - 64
81,No,No,No,No,No,No,Yes,No,No,College graduate,"$75,000-$99,999",35 - 64
70,Yes,No,No,No,No,No,Yes,No,No,Post graduate degree,"$100,000-$124,999",35 - 64
234,No,No,No,No,No,No,No,Yes,No,Post graduate degree,Prefer not to answer,35 - 64
370,Yes,No,No,No,No,No,Yes,No,No,College graduate,"$125,000-$149,999",35 - 64
342,No,No,No,No,No,No,Yes,No,No answer,Associate's degree,Prefer not to answer,35 - 64
310,Yes,No,No,No,No,No,Yes,No,No,Associate's degree,"$50,000-$74,999",35 - 64
277,No,No,No,No,No,No,Yes,No,No,Post graduate degree,"$50,000-$74,999",35 - 64
276,No,No,No,No,No,No,Yes,No,Yes,College graduate,"$25,000-$49,999",35 - 64
275,No,No,No,No,No,No,Yes,No,No,Associate's degree,"$200,000+",35 - 64
274,Yes,No,No,No,No,No,Yes,No,No,College graduate,"$50,000-$74,999",35 - 64
273,Yes,No,No,No,No,No,Yes,No,No,Post graduate degree,Prefer not to answer,35 - 64
272,No,No,No,No,No,Yes,No,No,Yes,College graduate,"$125,000-$149,999",35 - 64
321,No,No,No,No,No,Yes,No,No,No,College graduate,"$75,000-$99,999",35 - 64
296,Yes,No,No,No,No,No,Yes,No,Yes,Associate's degree,"$50,000-$74,999",35 - 64
320,Yes,No,No,No,No,No,Yes,No,Yes,Post graduate degree,"$100,000-$124,999",35 - 64
270,Yes,No,No,No,No,No,Yes,No,No,College graduate,"$150,000-$174,999",35 - 64
319,Yes,No,No,No,No,No,Yes,No,Yes,College graduate,"$200,000+",35 - 64
268,Yes,No,No,No,Yes,No,No,No,Yes,College graduate,"$75,000-$99,999",35 - 64
267,Yes,No,No,No,No,No,Yes,No,Yes,Post graduate degree,"$75,000-$99,999",35 - 64
266,Yes,No,No,No,No,No,Yes,No,Yes,Post graduate degree,Prefer not to answer,35 - 64
341,No,No,No,No,No,No,Yes,No,No,Post graduate degree,"$10,000-$24,999",35 - 64
297,Yes,No,No,No,No,No,Yes,No,Yes,Post graduate degree,"$75,000-$99,999",35 - 64
298,Yes,No,No,No,No,No,Yes,No,No,Associate's degree,"$150,000-$174,999",35 - 64
326,Yes,No,No,No,No,No,Yes,No,No,College graduate,"$75,000-$99,999",35 - 64
322,Yes,No,No,No,No,No,Yes,No,No,College graduate,Prefer not to answer,35 - 64
343,Yes,No,No,No,No,No,Yes,No,No,Post graduate degree,"$200,000+",35 - 64
278,No,No,No,No,No,No,Yes,No,No,College graduate,"$75,000-$99,999",35 - 64
338,No,Yes,Yes,Yes,No,No,No,No,No,College graduate,"$100,000-$124,999",35 - 64
287,No,No,No,No,No,No,Yes,No,No,College graduate,"$75,000-$99,999",35 - 64
327,No,Yes,No,No,No,No,No,Yes,Yes,Some college,"$25,000-$49,999",35 - 64
323,Yes,Yes,Yes,Yes,No,No,No,No,No,College graduate,"$50,000-$74,999",35 - 64
330,No,No,No,No,No,No,No,No,Yes,College graduate,"$100,000-$124,999",35 - 64
331,Yes,No,No,No,No,No,Yes,No,Yes,College graduate,"$200,000+",35 - 64
285,Yes,No,Yes,No,No,No,No,No,Yes,College graduate,"$125,000-$149,999",35 - 64
332,No,No,No,No,No,No,Yes,No,No,College graduate,"$150,000-$174,999",35 - 64
284,No,No,No,No,No,No,Yes,No,No,College graduate,"$50,000-$74,999",35 - 64
333,Yes,No,Yes,No,No,No,No,No,Yes,College graduate,"$200,000+",35 - 64
290,No,No,No,No,No,No,Yes,No,Yes,Associate's degree,"$25,000-$49,999",35 - 64
334,Yes,No,No,No,No,No,Yes,No,Yes,Some college,"$75,000-$99,999",35 - 64
335,Yes,No,No,No,No,No,Yes,No,No,College graduate,"$75,000-$99,999",35 - 64
282,No,No,No,No,No,No,Yes,No,No,College graduate,Prefer not to answer,35 - 64
291,Yes,No,No,No,No,No,Yes,No,No,College graduate,"$100,000-$124,999",35 - 64
292,Yes,No,No,No,No,No,Yes,No,Yes,Post graduate degree,"$150,000-$174,999",35 - 64
281,No,No,No,No,No,No,Yes,No,No,Post graduate degree,"$100,000-$124,999",35 - 64
337,No,No,No,No,No,No,Yes,No,No,Post graduate degree,"$75,000-$99,999",35 - 64
293,Yes,No,No,No,No,No,Yes,No,No,College graduate,Prefer not to answer,35 - 64
280,No,No,No,No,No,Yes,No,No,No,College graduate,"$75,000-$99,999",35 - 64
279,Yes,No,Yes,No,No,No,No,No,Yes,College graduate,"$25,000-$49,999",35 - 64
344,Yes,No,No,Yes,No,No,No,No,No,College graduate,Prefer not to answer,35 - 64
288,Yes,No,Yes,Yes,No,No,No,No,No,Some college,"$150,000-$174,999",35 - 64
352,No,No,No,No,No,No,Yes,No,No,College graduate,"$50,000-$74,999",35 - 64
358,No,No,No,No,No,No,Yes,No,No,Post graduate degree,"$25,000-$49,999",35 - 64
252,Yes,No,No,No,No,No,Yes,No,No,College graduate,"$50,000-$74,999",35 - 64
251,Yes,No,No,No,No,No,Yes,No,Yes,Post graduate degree,"$50,000-$74,999",35 - 64
250,No,No,No,No,No,No,Yes,No,No,Post graduate degree,"$25,000-$49,999",35 - 64
312,No,No,No,No,No,No,Yes,No,No,Associate's degree,"$75,000-$99,999",35 - 64
353,Yes,No,No,No,No,No,Yes,No,Yes,College graduate,"$75,000-$99,999",35 - 64
308,Yes,No,No,No,No,No,No,Yes,Yes,Post graduate degree,"$175,000-$199,999",35 - 64
351,No,No,No,No,No,No,Yes,No,Yes,High school or G.E.D.,"$25,000-$49,999",35 - 64
248,Yes,No,No,No,No,No,Yes,No,No,College graduate,"$25,000-$49,999",35 - 64
354,No,No,No,No,No,No,Yes,No,No,Associate's degree,"$50,000-$74,999",35 - 64
246,No,No,No,No,No,No,Yes,No,No,Post graduate degree,"$50,000-$74,999",35 - 64
245,Yes,No,No,No,No,No,Yes,No,Yes,College graduate,"$50,000-$74,999",35 - 64
306,No,No,No,No,No,No,Yes,No,No,Post graduate degree,"$100,000-$124,999",35 - 64
244,No,No,No,No,No,No,Yes,No,No,Some college,"$50,000-$74,999",35 - 64
243,No,No,No,No,No,Yes,No,No,No,Post graduate degree,"$200,000+",35 - 64
242,No,No,No,No,Yes,No,No,No,Yes,College graduate,"$100,000-$124,999",35 - 64
247,No,No,No,No,No,No,Yes,No,Yes,College graduate,"$200,000+",35 - 64
357,Yes,No,No,No,No,No,Yes,No,Yes,Post graduate degree,"$175,000-$199,999",35 - 64
350,No,No,No,No,No,No,Yes,No,No,College graduate,Prefer not to answer,35 - 64
304,No,No,No,No,No,No,Yes,No,No,Post graduate degree,"$25,000-$49,999",35 - 64
360,Yes,No,No,No,No,No,Yes,No,No,Associate's degree,"$50,000-$74,999",35 - 64
309,Yes,No,No,No,No,No,Yes,No,Yes,College graduate,"$50,000-$74,999",35 - 64
264,No,No,No,No,Yes,Yes,No,No,Yes,College graduate,"$0-$9,999",35 - 64
299,No,No,No,No,No,No,Yes,No,No,Some college,"$50,000-$74,999",35 - 64
300,Yes,No,No,No,No,Yes,No,No,Yes,College graduate,"$200,000+",35 - 64
301,No,No,No,No,No,No,Yes,No,No,College graduate,"$100,000-$124,999",35 - 64
253,Yes,Yes,No,No,No,No,No,No,Yes,Post graduate degree,"$200,000+",35 - 64
241,No,No,No,No,No,No,Yes,No,Yes,Associate's degree,"$50,000-$74,999",35 - 64
314,No,No,No,No,No,No,Yes,No,Yes,Post graduate degree,Prefer not to answer,35 - 64
259,No,No,No,No,Yes,No,No,No,Yes,College graduate,"$50,000-$74,999",35 - 64
313,Yes,No,No,No,No,No,Yes,No,No,College graduate,"$50,000-$74,999",35 - 64
239,No,No,No,No,No,No,Yes,No,Yes,College graduate,"$100,000-$124,999",35 - 64
257,No,No,No,No,No,No,Yes,No,No,College graduate,"$200,000+",35 - 64
348,No,No,No,No,No,No,Yes,No,No,College graduate,Prefer not to answer,35 - 64
255,No,No,No,No,No,No,Yes,No,No,College graduate,"$75,000-$99,999",35 - 64
315,No,No,No,No,No,No,Yes,No,No,Some college,"$10,000-$24,999",35 - 64
325,Yes,No,No,No,No,No,Yes,No,Yes,Post graduate degree,"$75,000-$99,999",65 and up
324,Yes,No,No,No,No,No,No,Yes,No,Some college,"$25,000-$49,999",65 and up
416,Yes,No,No,No,No,No,Yes,No,No,Post graduate degree,"$150,000-$174,999",65 and up
67,No,No,No,No,No,No,Yes,No,No,College graduate,"$100,000-$124,999",65 and up
87,No,No,No,No,No,No,Yes,No,No,Post graduate degree,"$75,000-$99,999",65 and up
69,Yes,No,No,No,No,No,Yes,No,No,High school or G.E.D.,"$25,000-$49,999",65 and up
317,Yes,No,Yes,Yes,No,No,No,No,No,Associate's degree,"$75,000-$99,999",65 and up
86,No,No,No,No,Yes,No,No,No,No,Associate's degree,"$100,000-$124,999",65 and up
72,Yes,No,No,No,No,No,Yes,No,No,College graduate,"$150,000-$174,999",65 and up
418,Yes,Yes,No,Yes,Yes,No,No,No,Yes,College graduate,"$200,000+",65 and up
77,Yes,Yes,No,No,Yes,No,No,No,Yes,College graduate,"$100,000-$124,999",65 and up
316,Yes,No,No,No,No,No,Yes,No,Yes,Post graduate degree,"$125,000-$149,999",65 and up
318,Yes,No,No,No,No,No,Yes,No,Yes,Post graduate degree,"$200,000+",65 and up
422,Yes,No,No,No,No,No,Yes,No,No,College graduate,"$150,000-$174,999",65 and up
236,Yes,Yes,Yes,Yes,Yes,No,No,No,No,College graduate,"$125,000-$149,999",65 and up
699,Yes,Yes,No,No,Yes,No,No,No,No,Post graduate degree,"$125,000-$149,999",65 and up
328,No,No,No,No,No,No,Yes,No,No,Post graduate degree,"$200,000+",65 and up
25,No,No,No,No,No,No,Yes,No,Yes,College graduate,"$125,000-$149,999",65 and up
379,No,No,No,No,No,No,Yes,No,Yes,Some college,"$200,000+",65 and up
23,Yes,No,No,No,No,No,Yes,No,No,Some college,"$25,000-$49,999",65 and up
346,Yes,No,No,No,No,No,Yes,No,No,College graduate,"$200,000+",65 and up
19,No,No,No,No,No,No,Yes,No,No,Associate's degree,"$50,000-$74,999",65 and up
347,Yes,No,No,No,No,No,Yes,No,Yes,College graduate,"$75,000-$99,999",65 and up
17,No,No,No,No,No,No,Yes,No,No,College graduate,"$75,000-$99,999",65 and up
349,Yes,No,No,No,No,No,Yes,No,No,College graduate,"$25,000-$49,999",65 and up
12,Yes,No,No,No,No,No,Yes,No,Yes,Post graduate degree,"$200,000+",65 and up
8,Yes,No,No,No,No,No,Yes,No,No,College graduate,"$50,000-$74,999",65 and up
355,No,No,No,No,No,No,Yes,No,No,College graduate,"$25,000-$49,999",65 and up
356,Yes,No,No,No,No,No,Yes,No,No,Some college,"$100,000-$124,999",65 and up
735,No,No,No,No,No,No,Yes,No,Yes,Post graduate degree,Prefer not to answer,65 and up
366,No,No,No,No,No,No,Yes,No,No,Some college,"$25,000-$49,999",65 and up
2,No,Yes,No,No,No,No,No,No,No,Post graduate degree,"$200,000+",65 and up
380,No,No,No,No,No,No,Yes,No,No,High school or G.E.D.,"$25,000-$49,999",65 and up
345,No,No,No,No,No,No,Yes,No,No,Post graduate degree,Prefer not to answer,65 and up
28,No,No,No,No,Yes,No,No,No,No,Post graduate degree,"$200,000+",65 and up
31,Yes,Yes,No,No,No,No,No,No,No,Post graduate degree,"$125,000-$149,999",65 and up
329,No,No,Yes,No,No,No,No,No,No,Some college,"$200,000+",65 and up
397,No,No,No,No,No,No,Yes,No,No,High school or G.E.D.,Prefer not to answer,65 and up
53,Yes,No,No,No,No,No,Yes,No,Yes,College graduate,"$100,000-$124,999",65 and up
692,Yes,No,No,No,Yes,No,No,Yes,No,Post graduate degree,"$200,000+",65 and up
336,No,No,No,No,No,No,Yes,No,No,Post graduate degree,"$150,000-$174,999",65 and up
46,No,No,No,No,No,No,Yes,No,No,Some college,"$100,000-$124,999",65 and up
392,No,No,No,No,No,No,Yes,No,No,College graduate,"$100,000-$124,999",65 and up
405,No,No,No,No,No,No,Yes,No,No,Post graduate degree,Prefer not to answer,65 and up
390,No,No,No,No,No,No,Yes,No,No,Some college,Prefer not to answer,65 and up
339,No,No,No,No,No,No,Yes,No,No,Post graduate degree,Prefer not to answer,65 and up
39,Yes,No,Yes,No,Yes,No,No,No,Yes,Post graduate degree,"$200,000+",65 and up
340,Yes,No,No,No,No,No,Yes,No,No,Post graduate degree,"$25,000-$49,999",65 and up
37,Yes,No,No,No,No,No,Yes,No,No,Post graduate degree,"$200,000+",65 and up
386,No,No,No,No,No,No,Yes,No,Yes,College graduate,"$50,000-$74,999",65 and up
34,Yes,No,No,No,No,No,Yes,No,Yes,Post graduate degree,"$100,000-$124,999",65 and up
385,Yes,No,No,No,No,No,Yes,No,No,Post graduate degree,"$10,000-$24,999",65 and up
700,No,No,No,No,No,No,No,Yes,No,Post graduate degree,"$100,000-$124,999",65 and up
424,Yes,No,No,No,No,No,Yes,No,No,College graduate,"$200,000+",65 and up
120,No,No,No,No,No,Yes,No,No,Yes,College graduate,"$25,000-$49,999",65 and up
311,No,No,No,No,No,No,Yes,No,Yes,Post graduate degree,"$200,000+",65 and up
262,No,No,No,No,No,No,Yes,No,No,College graduate,"$75,000-$99,999",65 and up
263,Yes,No,No,No,No,No,Yes,No,No,Some college,"$50,000-$74,999",65 and up
194,Yes,No,Yes,No,No,No,No,No,No,Post graduate degree,Prefer not to answer,65 and up
265,No,No,No,No,No,No,Yes,No,Yes,Post graduate degree,"$75,000-$99,999",65 and up
192,No,No,No,No,No,No,Yes,No,No,Post graduate degree,"$10,000-$24,999",65 and up
488,No,No,No,No,No,No,No,Yes,No,Post graduate degree,"$25,000-$49,999",65 and up
487,No,No,No,No,No,No,Yes,No,Yes,Associate's degree,"$25,000-$49,999",65 and up
189,No,No,No,No,No,No,Yes,No,Yes,Post graduate degree,"$200,000+",65 and up
198,No,No,No,No,No,No,Yes,No,Yes,Associate's degree,"$25,000-$49,999",65 and up
188,No,No,No,No,No,No,Yes,No,No,Post graduate degree,"$100,000-$124,999",65 and up
186,Yes,No,No,No,No,No,Yes,No,Yes,Post graduate degree,"$200,000+",65 and up
485,Yes,No,No,No,No,No,Yes,No,Yes,College graduate,"$50,000-$74,999",65 and up
184,No,No,No,No,No,No,Yes,No,Yes,Some college,"$75,000-$99,999",65 and up
269,No,No,No,No,No,No,Yes,No,Yes,College graduate,"$75,000-$99,999",65 and up
176,No,No,No,No,No,No,Yes,No,Yes,Associate's degree,"$75,000-$99,999",65 and up
479,Yes,No,No,No,No,No,No,Yes,No,College graduate,"$200,000+",65 and up
271,No,No,No,No,No,No,Yes,No,Yes,College graduate,"$125,000-$149,999",65 and up
477,No,No,No,No,No,No,Yes,No,No,Some college,"$50,000-$74,999",65 and up
486,No,No,No,No,No,No,Yes,No,Yes,Post graduate degree,"$50,000-$74,999",65 and up
161,No,No,No,No,No,No,Yes,No,No,Post graduate degree,"$175,000-$199,999",65 and up
199,Yes,No,No,No,No,No,Yes,No,Yes,Post graduate degree,"$200,000+",65 and up
362,No,No,No,No,No,No,Yes,No,No,College graduate,"$100,000-$124,999",65 and up
235,No,No,No,No,No,No,Yes,No,No,College graduate,"$75,000-$99,999",65 and up
238,No,No,No,No,No,No,Yes,No,No,Post graduate degree,"$200,000+",65 and up
232,Yes,No,No,No,Yes,No,No,No,Yes,Post graduate degree,"$75,000-$99,999",65 and up
231,Yes,No,No,No,No,No,Yes,No,Yes,Post graduate degree,"$75,000-$99,999",65 and up
230,Yes,No,Yes,No,No,No,No,No,No,College graduate,"$75,000-$99,999",65 and up
240,No,No,No,No,No,No,Yes,No,No,College graduate,"$50,000-$74,999",65 and up
227,Yes,Yes,Yes,Yes,Yes,No,No,No,Yes,Post graduate degree,"$200,000+",65 and up
226,Yes,No,No,No,No,No,Yes,No,Yes,College graduate,"$200,000+",65 and up
261,Yes,No,No,No,No,No,Yes,No,No,Post graduate degree,"$150,000-$174,999",65 and up
222,No,No,No,No,Yes,No,No,No,No,College graduate,"$200,000+",65 and up
249,Yes,No,No,No,No,No,Yes,No,No,Associate's degree,"$25,000-$49,999",65 and up
215,Yes,Yes,No,No,No,No,No,No,No,Post graduate degree,"$125,000-$149,999",65 and up
211,No,No,No,No,No,No,Yes,No,No,College graduate,Prefer not to answer,65 and up
210,Yes,No,No,No,No,No,Yes,No,No,Post graduate degree,"$25,000-$49,999",65 and up
209,No,No,No,No,No,No,Yes,No,No,College graduate,"$75,000-$99,999",65 and up
254,No,No,No,No,No,No,Yes,No,No,College graduate,"$125,000-$149,999",65 and up
256,Yes,No,No,No,Yes,No,No,Yes,Yes,College graduate,"$50,000-$74,999",65 and up
258,No,Yes,No,No,No,No,No,No,Yes,Post graduate degree,"$75,000-$99,999",65 and up
219,No,Yes,Yes,No,Yes,No,No,No,No,College graduate,Prefer not to answer,65 and up
92,Yes,No,No,No,No,No,Yes,No,Yes,Post graduate degree,Prefer not to answer,65 and up
470,No,No,No,No,No,No,Yes,No,No,College graduate,"$100,000-$124,999",65 and up
156,Yes,No,No,No,No,No,Yes,No,Yes,College graduate,"$50,000-$74,999",65 and up
447,No,No,No,No,No,No,Yes,No,No,Some college,"$10,000-$24,999",65 and up
625,Yes,No,No,No,No,No,Yes,No,No,College graduate,Prefer not to answer,65 and up
121,Yes,No,No,No,No,No,Yes,No,No,College graduate,"$200,000+",65 and up
628,No,No,No,No,No,No,Yes,No,Yes,Post graduate degree,"$75,000-$99,999",65 and up
237,No,No,No,No,No,No,Yes,No,No,College graduate,Prefer not to answer,65 and up
443,No,No,No,No,Yes,No,No,No,No,Post graduate degree,"$50,000-$74,999",65 and up
633,No,No,No,No,No,No,Yes,No,No,Did not complete high school,"$25,000-$49,999",65 and up
116,Yes,No,No,No,No,No,Yes,No,No,Some college,"$100,000-$124,999",65 and up
295,No,No,No,No,No,No,Yes,No,No,Some college,"$100,000-$124,999",65 and up
442,No,No,No,No,No,No,Yes,No,Yes,Associate's degree,"$25,000-$49,999",65 and up
437,Yes,No,Yes,No,No,No,No,No,Yes,Some college,"$25,000-$49,999",65 and up
302,No,No,No,No,Yes,No,No,No,Yes,College graduate,"$10,000-$24,999",65 and up
435,No,No,No,No,No,No,Yes,No,Yes,Post graduate degree,"$100,000-$124,999",65 and up
303,Yes,No,No,No,No,No,Yes,No,No,Post graduate degree,"$200,000+",65 and up
305,Yes,No,No,No,No,No,Yes,No,Yes,Post graduate degree,"$150,000-$174,999",65 and up
430,No,Yes,No,Yes,Yes,No,No,Yes,No,Post graduate degree,"$125,000-$149,999",65 and up
307,No,No,No,No,No,No,Yes,No,No,College graduate,Prefer not to answer,65 and up
96,Yes,No,Yes,No,No,No,No,Yes,No,Post graduate degree,"$50,000-$74,999",65 and up
441,No,No,No,Yes,Yes,No,No,No,No,Some college,"$150,000-$174,999",65 and up
467,No,No,No,No,No,No,Yes,No,No,College graduate,"$75,000-$99,999",65 and up
453,No,No,No,No,No,Yes,No,No,No,Post graduate degree,"$200,000+",65 and up
132,Yes,No,No,No,No,No,Yes,No,No,Post graduate degree,"$75,000-$99,999",65 and up
154,No,No,No,No,No,No,Yes,No,No,College graduate,"$50,000-$74,999",65 and up
153,Yes,No,No,No,No,No,Yes,No,No,College graduate,"$75,000-$99,999",65 and up
151,Yes,No,No,No,No,No,Yes,No,No,College graduate,"$100,000-$124,999",65 and up
150,No,No,No,No,No,No,Yes,No,No,Post graduate degree,"$175,000-$199,999",65 and up
148,Yes,Yes,No,No,No,No,No,No,No,Post graduate degree,"$100,000-$124,999",65 and up
147,No,No,No,No,No,No,Yes,No,No,Did not complete high school,"$75,000-$99,999",65 and up
463,Yes,No,No,No,No,No,Yes,No,No,Post graduate degree,"$75,000-$99,999",65 and up
283,Yes,No,No,No,Yes,No,No,No,No,Post graduate degree,"$50,000-$74,999",65 and up
454,Yes,No,Yes,No,No,No,No,No,Yes,Some college,Prefer not to answer,65 and up
461,No,No,No,No,Yes,No,No,No,No,Post graduate degree,"$200,000+",65 and up
141,Yes,No,No,No,No,No,Yes,No,No,College graduate,"$200,000+",65 and up
140,Yes,No,No,No,No,No,Yes,No,No,College graduate,"$75,000-$99,999",65 and up
608,Yes,No,No,No,No,No,Yes,No,No,College graduate,"$50,000-$74,999",65 and up
139,Yes,No,Yes,No,No,No,No,No,Yes,Post graduate degree,"$75,000-$99,999",65 and up
286,No,No,No,No,No,No,Yes,No,No,Post graduate degree,"$125,000-$149,999",65 and up
136,Yes,No,No,No,No,No,Yes,No,Yes,Post graduate degree,"$200,000+",65 and up
613,No,No,No,No,No,No,No,Yes,No,College graduate,Prefer not to answer,65 and up
289,Yes,No,No,No,No,No,Yes,No,No,High school or G.E.D.,"$25,000-$49,999",65 and up
604,No,No,No,No,No,No,Yes,No,No,Some college,"$25,000-$49,999",65 and up
201,Yes,No,No,No,No,No,Yes,No,No,Post graduate degree,"$75,000-$99,999",65 and up
